INSERT INTO `nsu20`.`club` (`name`) VALUES ('Arsenal');
INSERT INTO `nsu20`.`club` (`name`) VALUES ('Spartak');
INSERT INTO `nsu20`.`club` (`name`) VALUES ('CSKA');
INSERT INTO `nsu20`.`club` (`name`) VALUES ('Lokomotiv');
INSERT INTO `nsu20`.`club` (`name`) VALUES ('Chelsea');
INSERT INTO `nsu20`.`club` (`name`) VALUES ('Dynamo');
INSERT INTO `nsu20`.`club` (`name`) VALUES ('Zenit');


INSERT INTO `nsu20`.`sportsman` (`name`, `club_id`) VALUES ('Vashenko Ivan Vitalievich', '1');
INSERT INTO `nsu20`.`sportsman` (`name`, `club_id`) VALUES ('Leonov Inokenti Vyachislavovich', '2');
INSERT INTO `nsu20`.`sportsman` (`name`, `club_id`) VALUES ('Eskerov Elgar Alexandrovich', '3');
INSERT INTO `nsu20`.`sportsman` (`name`, `club_id`) VALUES ('Tivikov Konstantin Pavlovich', '4');
INSERT INTO `nsu20`.`sportsman` (`name`, `club_id`) VALUES ('Sementin Semen Ilich', '5');
INSERT INTO `nsu20`.`sportsman` (`name`, `club_id`) VALUES ('Savvateev Andrey Andreich', '6');
INSERT INTO `nsu20`.`sportsman` (`name`, `club_id`) VALUES ('Abuov Bek Bekich', '6');
INSERT INTO `nsu20`.`sportsman` (`name`, `club_id`) VALUES ('Shahurdin Konstantin Sixovich', '6');
INSERT INTO `nsu20`.`sportsman` (`name`, `club_id`) VALUES ('Goncharov Nikita Grigorievich', '3');
INSERT INTO `nsu20`.`sportsman` (`name`, `club_id`) VALUES ('Tumanov Nikolai Markovich', '3');
INSERT INTO `nsu20`.`sportsman` (`name`, `club_id`) VALUES ('Vashenko Inokenti Yurevich', '7');
INSERT INTO `nsu20`.`sportsman` (`name`, `club_id`) VALUES ('Eskerov Salatdin Alexandrovich', '7');
INSERT INTO `nsu20`.`sportsman` (`name`, `club_id`) VALUES ('Burdin Yaroslav Olegovich', '7');
INSERT INTO `nsu20`.`sportsman` (`name`, `club_id`) VALUES ('Popov Alexander Igorevich', '1');
INSERT INTO `nsu20`.`sportsman` (`name`, `club_id`) VALUES ('Petrov Michael Vladimirovich', '2');
INSERT INTO `nsu20`.`sportsman` (`name`, `club_id`) VALUES ('Sharikov Sergio Denisovich', '6');
INSERT INTO `nsu20`.`sportsman` (`name`, `club_id`) VALUES ('Shapiro Ivan Ilich', '2');
INSERT INTO `nsu20`.`sportsman` (`name`, `club_id`) VALUES ('Aliev Roman Maksimovich', '4');
INSERT INTO `nsu20`.`sportsman` (`name`, `club_id`) VALUES ('Lavrov Stanislav Dmitrievich', '4');
INSERT INTO `nsu20`.`sportsman` (`name`, `club_id`) VALUES ('Silin Ruslan Andreevich', '2');
INSERT INTO `nsu20`.`sportsman` (`name`, `club_id`) VALUES ('Stepanov Victor Timofeevich', '5');
INSERT INTO `nsu20`.`sportsman` (`name`, `club_id`) VALUES ('Gulyumyan Arsen Avanesovich', '2');
INSERT INTO `nsu20`.`sportsman` (`name`, `club_id`) VALUES ('Shnipperson Levi Savelievich', '5');
INSERT INTO `nsu20`.`sportsman` (`name`, `club_id`) VALUES ('Gelashvili Gocha Mamukovich', '3');
INSERT INTO `nsu20`.`sportsman` (`name`, `club_id`) VALUES ('Maisuradze Soso Badrich', '6');
INSERT INTO `nsu20`.`sportsman` (`name`, `club_id`) VALUES ('Belkin Konstantin Vitalievich', '7');
INSERT INTO `nsu20`.`sportsman` (`name`, `club_id`) VALUES ('Azaryan Rudolf Levonovich', '1');
INSERT INTO `nsu20`.`sportsman` (`name`, `club_id`) VALUES ('Manasyan Tigran Levonovich', '3');
INSERT INTO `nsu20`.`sportsman` (`name`, `club_id`) VALUES ('Giorgadze Otar Timurovich', '1');
INSERT INTO `nsu20`.`sportsman` (`name`, `club_id`) VALUES ('Argat Nathan Osipovich', '1');
INSERT INTO `nsu20`.`sportsman` (`name`, `club_id`) VALUES ('Shepelev Miroslav Grigorievich', '4');
INSERT INTO `nsu20`.`sportsman` (`name`, `club_id`) VALUES ('Kutsenko Albert Filipovich', '2');
INSERT INTO `nsu20`.`sportsman` (`name`, `club_id`) VALUES ('Leonov Vladimir Stepanovich', '4');
INSERT INTO `nsu20`.`sportsman` (`name`, `club_id`) VALUES ('Shakhzadyan Arsen Bagratovich', '3');
INSERT INTO `nsu20`.`sportsman` (`name`, `club_id`) VALUES ('Mazelyuk Victor Antonovich', '3');
INSERT INTO `nsu20`.`sportsman` (`name`, `club_id`) VALUES ('Shimchenko Pavel Arturovich', '5');
INSERT INTO `nsu20`.`sportsman` (`name`, `club_id`) VALUES ('Agaev Ramil Emilievich', '6');
INSERT INTO `nsu20`.`sportsman` (`name`, `club_id`) VALUES ('Eliforov Timur Denisovich', '4');
INSERT INTO `nsu20`.`sportsman` (`name`, `club_id`) VALUES ('Martynenko Andrey Petrovich', '7');
INSERT INTO `nsu20`.`sportsman` (`name`, `club_id`) VALUES ('Bondarenko Michael Dmitrievich', '7');
INSERT INTO `nsu20`.`sportsman` (`name`, `club_id`) VALUES ('Sarkisyan Eduard Samvelovich', '3');
INSERT INTO `nsu20`.`sportsman` (`name`, `club_id`) VALUES ('Bursagov Rashid Magamedovich', '3');
INSERT INTO `nsu20`.`sportsman` (`name`, `club_id`) VALUES ('Kretov Igor Ruslanovich', '2');
INSERT INTO `nsu20`.`sportsman` (`name`, `club_id`) VALUES ('Ibragimov Zalman Albertovich', '6');
INSERT INTO `nsu20`.`sportsman` (`name`, `club_id`) VALUES ('Aivazyan Felix Vaganovich', '6');
INSERT INTO `nsu20`.`sportsman` (`name`, `club_id`) VALUES ('Ulanov Alexander Dmitrievich', '3');
INSERT INTO `nsu20`.`sportsman` (`name`, `club_id`) VALUES ('Yakimenko Taras Bogdanoich', '4');
INSERT INTO `nsu20`.`sportsman` (`name`, `club_id`) VALUES ('Shevchuk Lyubomir Bogdanoich', '2');
INSERT INTO `nsu20`.`sportsman` (`name`, `club_id`) VALUES ('Isakov Igor Victorovich', '1');
INSERT INTO `nsu20`.`sportsman` (`name`, `club_id`) VALUES ('Yurin Denis Alexandrovich', '5');
INSERT INTO `nsu20`.`sportsman` (`name`, `club_id`) VALUES ('Olshansky Danil Germanovich', '5');
INSERT INTO `nsu20`.`sportsman` (`name`, `club_id`) VALUES ('Jabrailov Magamed Rasulovich', '4');

INSERT INTO `nsu20`.`coach` (`name`, `sport`) VALUES ('Chizhov Nikita Michailovich', 'football');
INSERT INTO `nsu20`.`coach` (`name`, `sport`) VALUES ('Potapov Egor Grigorievich', 'football');
INSERT INTO `nsu20`.`coach` (`name`, `sport`) VALUES ('Lebedev Yan Borisovich', 'tennis');
INSERT INTO `nsu20`.`coach` (`name`, `sport`) VALUES ('Besmertny Varlam Isakovich', 'tennis');
INSERT INTO `nsu20`.`coach` (`name`, `sport`) VALUES ('Kapanadze Georgy Abramovich', 'hockey');
INSERT INTO `nsu20`.`coach` (`name`, `sport`) VALUES ('Shevchenko Andrey Stepanovich', 'hockey');
INSERT INTO `nsu20`.`coach` (`name`, `sport`) VALUES ('Ganiev Rinat Ramilievich', 'volleyball');
INSERT INTO `nsu20`.`coach` (`name`, `sport`) VALUES ('Sherbakov Alexey Sergeich', 'volleyball');
INSERT INTO `nsu20`.`coach` (`name`, `sport`) VALUES ('Kapanadze Elisabeth Andreevna', 'figureSkating');
INSERT INTO `nsu20`.`coach` (`name`, `sport`) VALUES ('Salotkin Igor Valerievich', 'athletics');
INSERT INTO `nsu20`.`coach` (`name`, `sport`) VALUES ('Potapov Artem Glebovich', 'athletics');

INSERT INTO `nsu20`.`abilities` (`sportsman_id`, `category`, `sport`) VALUES ('1', '2', 'football');
INSERT INTO `nsu20`.`abilities` (`sportsman_id`, `category`, `sport`) VALUES ('4', '4', 'football');
INSERT INTO `nsu20`.`abilities` (`sportsman_id`, `category`, `sport`) VALUES ('6', '2', 'football');
INSERT INTO `nsu20`.`abilities` (`sportsman_id`, `category`, `sport`) VALUES ('7', '3', 'football');
INSERT INTO `nsu20`.`abilities` (`sportsman_id`, `category`, `sport`) VALUES ('8', '3', 'football');
INSERT INTO `nsu20`.`abilities` (`sportsman_id`, `category`, `sport`) VALUES ('16', '3', 'football');
INSERT INTO `nsu20`.`abilities` (`sportsman_id`, `category`, `sport`) VALUES ('27', '4', 'football');
INSERT INTO `nsu20`.`abilities` (`sportsman_id`, `category`, `sport`) VALUES ('32', '3', 'football');
INSERT INTO `nsu20`.`abilities` (`sportsman_id`, `category`, `sport`) VALUES ('37', '9', 'football');
INSERT INTO `nsu20`.`abilities` (`sportsman_id`, `category`, `sport`) VALUES ('47', '6', 'football');

INSERT INTO `nsu20`.`abilities` (`sportsman_id`, `category`, `sport`) VALUES ('1', '4', 'tennis');
INSERT INTO `nsu20`.`abilities` (`sportsman_id`, `category`, `sport`) VALUES ('2', '2', 'tennis');
INSERT INTO `nsu20`.`abilities` (`sportsman_id`, `category`, `sport`) VALUES ('3', '1', 'tennis');
INSERT INTO `nsu20`.`abilities` (`sportsman_id`, `category`, `sport`) VALUES ('4', '2', 'tennis');
INSERT INTO `nsu20`.`abilities` (`sportsman_id`, `category`, `sport`) VALUES ('5', '1', 'tennis');
INSERT INTO `nsu20`.`abilities` (`sportsman_id`, `category`, `sport`) VALUES ('8', '4', 'tennis');
INSERT INTO `nsu20`.`abilities` (`sportsman_id`, `category`, `sport`) VALUES ('21', '5', 'tennis');
INSERT INTO `nsu20`.`abilities` (`sportsman_id`, `category`, `sport`) VALUES ('22', '4', 'tennis');
INSERT INTO `nsu20`.`abilities` (`sportsman_id`, `category`, `sport`) VALUES ('35', '6', 'tennis');
INSERT INTO `nsu20`.`abilities` (`sportsman_id`, `category`, `sport`) VALUES ('36', '4', 'tennis');
INSERT INTO `nsu20`.`abilities` (`sportsman_id`, `category`, `sport`) VALUES ('43', '4', 'tennis');
INSERT INTO `nsu20`.`abilities` (`sportsman_id`, `category`, `sport`) VALUES ('44', '6', 'tennis');
INSERT INTO `nsu20`.`abilities` (`sportsman_id`, `category`, `sport`) VALUES ('48', '5', 'tennis');

INSERT INTO `nsu20`.`abilities` (`sportsman_id`, `category`, `sport`) VALUES ('1', '6', 'volleyball');
INSERT INTO `nsu20`.`abilities` (`sportsman_id`, `category`, `sport`) VALUES ('4', '1', 'volleyball');
INSERT INTO `nsu20`.`abilities` (`sportsman_id`, `category`, `sport`) VALUES ('7', '1', 'volleyball');
INSERT INTO `nsu20`.`abilities` (`sportsman_id`, `category`, `sport`) VALUES ('11', '1', 'volleyball');
INSERT INTO `nsu20`.`abilities` (`sportsman_id`, `category`, `sport`) VALUES ('12', '3', 'volleyball');
INSERT INTO `nsu20`.`abilities` (`sportsman_id`, `category`, `sport`) VALUES ('13', '4', 'volleyball');
INSERT INTO `nsu20`.`abilities` (`sportsman_id`, `category`, `sport`) VALUES ('25', '1', 'volleyball');
INSERT INTO `nsu20`.`abilities` (`sportsman_id`, `category`, `sport`) VALUES ('26', '2', 'volleyball');
INSERT INTO `nsu20`.`abilities` (`sportsman_id`, `category`, `sport`) VALUES ('20', '7', 'volleyball');
INSERT INTO `nsu20`.`abilities` (`sportsman_id`, `category`, `sport`) VALUES ('30', '8', 'volleyball');
INSERT INTO `nsu20`.`abilities` (`sportsman_id`, `category`, `sport`) VALUES ('38', '1', 'volleyball');
INSERT INTO `nsu20`.`abilities` (`sportsman_id`, `category`, `sport`) VALUES ('39', '2', 'volleyball');

INSERT INTO `nsu20`.`abilities` (`sportsman_id`, `category`, `sport`) VALUES ('2', '5', 'hockey');
INSERT INTO `nsu20`.`abilities` (`sportsman_id`, `category`, `sport`) VALUES ('3', '6', 'hockey');
INSERT INTO `nsu20`.`abilities` (`sportsman_id`, `category`, `sport`) VALUES ('4', '6', 'hockey');
INSERT INTO `nsu20`.`abilities` (`sportsman_id`, `category`, `sport`) VALUES ('19', '9', 'hockey');
INSERT INTO `nsu20`.`abilities` (`sportsman_id`, `category`, `sport`) VALUES ('23', '5', 'hockey');
INSERT INTO `nsu20`.`abilities` (`sportsman_id`, `category`, `sport`) VALUES ('24', '6', 'hockey');
INSERT INTO `nsu20`.`abilities` (`sportsman_id`, `category`, `sport`) VALUES ('40', '3', 'hockey');

INSERT INTO `nsu20`.`abilities` (`sportsman_id`, `category`, `sport`) VALUES ('2', '8', 'figureSkating');
INSERT INTO `nsu20`.`abilities` (`sportsman_id`, `category`, `sport`) VALUES ('6', '6', 'figureSkating');
INSERT INTO `nsu20`.`abilities` (`sportsman_id`, `category`, `sport`) VALUES ('9', '2', 'figureSkating');
INSERT INTO `nsu20`.`abilities` (`sportsman_id`, `category`, `sport`) VALUES ('17', '6', 'figureSkating');
INSERT INTO `nsu20`.`abilities` (`sportsman_id`, `category`, `sport`) VALUES ('18', '2', 'figureSkating');
INSERT INTO `nsu20`.`abilities` (`sportsman_id`, `category`, `sport`) VALUES ('29', '5', 'figureSkating');
INSERT INTO `nsu20`.`abilities` (`sportsman_id`, `category`, `sport`) VALUES ('33', '4', 'figureSkating');
INSERT INTO `nsu20`.`abilities` (`sportsman_id`, `category`, `sport`) VALUES ('41', '5', 'figureSkating');
INSERT INTO `nsu20`.`abilities` (`sportsman_id`, `category`, `sport`) VALUES ('46', '3', 'figureSkating');

INSERT INTO `nsu20`.`abilities` (`sportsman_id`, `category`, `sport`) VALUES ('3', '3', 'athletics');
INSERT INTO `nsu20`.`abilities` (`sportsman_id`, `category`, `sport`) VALUES ('5', '4', 'athletics');
INSERT INTO `nsu20`.`abilities` (`sportsman_id`, `category`, `sport`) VALUES ('6', '8', 'athletics');
INSERT INTO `nsu20`.`abilities` (`sportsman_id`, `category`, `sport`) VALUES ('9', '5', 'athletics');
INSERT INTO `nsu20`.`abilities` (`sportsman_id`, `category`, `sport`) VALUES ('10', '4', 'athletics');
INSERT INTO `nsu20`.`abilities` (`sportsman_id`, `category`, `sport`) VALUES ('14', '6', 'athletics');
INSERT INTO `nsu20`.`abilities` (`sportsman_id`, `category`, `sport`) VALUES ('15', '5', 'athletics');
INSERT INTO `nsu20`.`abilities` (`sportsman_id`, `category`, `sport`) VALUES ('28', '7', 'athletics');
INSERT INTO `nsu20`.`abilities` (`sportsman_id`, `category`, `sport`) VALUES ('31', '2', 'athletics');
INSERT INTO `nsu20`.`abilities` (`sportsman_id`, `category`, `sport`) VALUES ('34', '5', 'athletics');
INSERT INTO `nsu20`.`abilities` (`sportsman_id`, `category`, `sport`) VALUES ('42', '3', 'athletics');
INSERT INTO `nsu20`.`abilities` (`sportsman_id`, `category`, `sport`) VALUES ('45', '7', 'athletics');
INSERT INTO `nsu20`.`abilities` (`sportsman_id`, `category`, `sport`) VALUES ('49', '9', 'athletics');
INSERT INTO `nsu20`.`abilities` (`sportsman_id`, `category`, `sport`) VALUES ('50', '2', 'athletics');
INSERT INTO `nsu20`.`abilities` (`sportsman_id`, `category`, `sport`) VALUES ('51', '3', 'athletics');



INSERT INTO `nsu20`.`mentoring` (`sportsman_id`, `coach_id`) VALUES ('1', '1');
INSERT INTO `nsu20`.`mentoring` (`sportsman_id`, `coach_id`) VALUES ('4', '1');
INSERT INTO `nsu20`.`mentoring` (`sportsman_id`, `coach_id`) VALUES ('4', '2');
INSERT INTO `nsu20`.`mentoring` (`sportsman_id`, `coach_id`) VALUES ('7', '2');
INSERT INTO `nsu20`.`mentoring` (`sportsman_id`, `coach_id`) VALUES ('8', '2');
INSERT INTO `nsu20`.`mentoring` (`sportsman_id`, `coach_id`) VALUES ('16', '1');
INSERT INTO `nsu20`.`mentoring` (`sportsman_id`, `coach_id`) VALUES ('27', '2');
INSERT INTO `nsu20`.`mentoring` (`sportsman_id`, `coach_id`) VALUES ('27', '1');
INSERT INTO `nsu20`.`mentoring` (`sportsman_id`, `coach_id`) VALUES ('32', '1');
INSERT INTO `nsu20`.`mentoring` (`sportsman_id`, `coach_id`) VALUES ('37', '2');
INSERT INTO `nsu20`.`mentoring` (`sportsman_id`, `coach_id`) VALUES ('47', '1');

INSERT INTO `nsu20`.`mentoring` (`sportsman_id`, `coach_id`) VALUES ('1', '3');
INSERT INTO `nsu20`.`mentoring` (`sportsman_id`, `coach_id`) VALUES ('1', '4');
INSERT INTO `nsu20`.`mentoring` (`sportsman_id`, `coach_id`) VALUES ('2', '3');
INSERT INTO `nsu20`.`mentoring` (`sportsman_id`, `coach_id`) VALUES ('3', '4');
INSERT INTO `nsu20`.`mentoring` (`sportsman_id`, `coach_id`) VALUES ('3', '3');
INSERT INTO `nsu20`.`mentoring` (`sportsman_id`, `coach_id`) VALUES ('4', '3');
INSERT INTO `nsu20`.`mentoring` (`sportsman_id`, `coach_id`) VALUES ('5', '4');
INSERT INTO `nsu20`.`mentoring` (`sportsman_id`, `coach_id`) VALUES ('8', '3');
INSERT INTO `nsu20`.`mentoring` (`sportsman_id`, `coach_id`) VALUES ('21', '3');
INSERT INTO `nsu20`.`mentoring` (`sportsman_id`, `coach_id`) VALUES ('22', '4');
INSERT INTO `nsu20`.`mentoring` (`sportsman_id`, `coach_id`) VALUES ('35', '4');
INSERT INTO `nsu20`.`mentoring` (`sportsman_id`, `coach_id`) VALUES ('36', '3');
INSERT INTO `nsu20`.`mentoring` (`sportsman_id`, `coach_id`) VALUES ('43', '4');
INSERT INTO `nsu20`.`mentoring` (`sportsman_id`, `coach_id`) VALUES ('44', '3');
INSERT INTO `nsu20`.`mentoring` (`sportsman_id`, `coach_id`) VALUES ('48', '4');

INSERT INTO `nsu20`.`mentoring` (`sportsman_id`, `coach_id`) VALUES ('1', '7');
INSERT INTO `nsu20`.`mentoring` (`sportsman_id`, `coach_id`) VALUES ('4', '8');
INSERT INTO `nsu20`.`mentoring` (`sportsman_id`, `coach_id`) VALUES ('7', '7');
INSERT INTO `nsu20`.`mentoring` (`sportsman_id`, `coach_id`) VALUES ('11', '8');
INSERT INTO `nsu20`.`mentoring` (`sportsman_id`, `coach_id`) VALUES ('12', '7');
INSERT INTO `nsu20`.`mentoring` (`sportsman_id`, `coach_id`) VALUES ('13', '8');
INSERT INTO `nsu20`.`mentoring` (`sportsman_id`, `coach_id`) VALUES ('25', '7');
INSERT INTO `nsu20`.`mentoring` (`sportsman_id`, `coach_id`) VALUES ('26', '7');
INSERT INTO `nsu20`.`mentoring` (`sportsman_id`, `coach_id`) VALUES ('20', '8');
INSERT INTO `nsu20`.`mentoring` (`sportsman_id`, `coach_id`) VALUES ('30', '8');
INSERT INTO `nsu20`.`mentoring` (`sportsman_id`, `coach_id`) VALUES ('38', '7');
INSERT INTO `nsu20`.`mentoring` (`sportsman_id`, `coach_id`) VALUES ('39', '8');

INSERT INTO `nsu20`.`mentoring` (`sportsman_id`, `coach_id`) VALUES ('2', '5');
INSERT INTO `nsu20`.`mentoring` (`sportsman_id`, `coach_id`) VALUES ('3', '6');
INSERT INTO `nsu20`.`mentoring` (`sportsman_id`, `coach_id`) VALUES ('4', '5');
INSERT INTO `nsu20`.`mentoring` (`sportsman_id`, `coach_id`) VALUES ('19', '6');
INSERT INTO `nsu20`.`mentoring` (`sportsman_id`, `coach_id`) VALUES ('23', '5');
INSERT INTO `nsu20`.`mentoring` (`sportsman_id`, `coach_id`) VALUES ('24', '6');
INSERT INTO `nsu20`.`mentoring` (`sportsman_id`, `coach_id`) VALUES ('40', '6');

INSERT INTO `nsu20`.`mentoring` (`sportsman_id`, `coach_id`) VALUES ('2', '9');
INSERT INTO `nsu20`.`mentoring` (`sportsman_id`, `coach_id`) VALUES ('6', '9');
INSERT INTO `nsu20`.`mentoring` (`sportsman_id`, `coach_id`) VALUES ('9', '9');
INSERT INTO `nsu20`.`mentoring` (`sportsman_id`, `coach_id`) VALUES ('17', '9');
INSERT INTO `nsu20`.`mentoring` (`sportsman_id`, `coach_id`) VALUES ('18', '9');
INSERT INTO `nsu20`.`mentoring` (`sportsman_id`, `coach_id`) VALUES ('29', '9');
INSERT INTO `nsu20`.`mentoring` (`sportsman_id`, `coach_id`) VALUES ('33', '9');
INSERT INTO `nsu20`.`mentoring` (`sportsman_id`, `coach_id`) VALUES ('41', '9');
INSERT INTO `nsu20`.`mentoring` (`sportsman_id`, `coach_id`) VALUES ('46', '9');

INSERT INTO `nsu20`.`mentoring` (`sportsman_id`, `coach_id`) VALUES ('3', '10');
INSERT INTO `nsu20`.`mentoring` (`sportsman_id`, `coach_id`) VALUES ('5', '11');
INSERT INTO `nsu20`.`mentoring` (`sportsman_id`, `coach_id`) VALUES ('6', '10');
INSERT INTO `nsu20`.`mentoring` (`sportsman_id`, `coach_id`) VALUES ('9', '11');
INSERT INTO `nsu20`.`mentoring` (`sportsman_id`, `coach_id`) VALUES ('10', '11');
INSERT INTO `nsu20`.`mentoring` (`sportsman_id`, `coach_id`) VALUES ('14', '10');
INSERT INTO `nsu20`.`mentoring` (`sportsman_id`, `coach_id`) VALUES ('15', '10');
INSERT INTO `nsu20`.`mentoring` (`sportsman_id`, `coach_id`) VALUES ('28', '11');
INSERT INTO `nsu20`.`mentoring` (`sportsman_id`, `coach_id`) VALUES ('31', '10');
INSERT INTO `nsu20`.`mentoring` (`sportsman_id`, `coach_id`) VALUES ('34', '10');
INSERT INTO `nsu20`.`mentoring` (`sportsman_id`, `coach_id`) VALUES ('42', '11');
INSERT INTO `nsu20`.`mentoring` (`sportsman_id`, `coach_id`) VALUES ('45', '10');
INSERT INTO `nsu20`.`mentoring` (`sportsman_id`, `coach_id`) VALUES ('49', '10');
INSERT INTO `nsu20`.`mentoring` (`sportsman_id`, `coach_id`) VALUES ('50', '11');
INSERT INTO `nsu20`.`mentoring` (`sportsman_id`, `coach_id`) VALUES ('51', '10');

INSERT INTO `nsu20`.`competition` (`name`, `beginning_date`, `finish_date`, `sport`) VALUES ('Kozhany myach', '2020-08-01', '2020-09-01', 'football');
INSERT INTO `nsu20`.`competition` (`name`, `beginning_date`, `finish_date`, `sport`) VALUES ('League of Champions','2020-03-01', '2021-04-03', 'football');
INSERT INTO `nsu20`.`competition` (`name`, `beginning_date`, `finish_date`, `sport`) VALUES ('wimbledon', '2020-07-03', '2020-08-05', 'tennis');
INSERT INTO `nsu20`.`competition` (`name`, `beginning_date`, `finish_date`, `sport`) VALUES ('US open','2020-03-05', '2020-05-06', 'tennis');
INSERT INTO `nsu20`.`competition` (`name`, `beginning_date`, `finish_date`, `sport`) VALUES ('NHL', '2020-05-06', '2020-06-06', 'hockey');
INSERT INTO `nsu20`.`competition` (`name`, `beginning_date`, `finish_date`, `sport`) VALUES ('Euro League', '2020-04-04', '2020-05-25', 'volleyball');
INSERT INTO `nsu20`.`competition` (`name`, `beginning_date`, `finish_date`, `sport`) VALUES ('Cup of Europe','2020-09-06', '2020-10-06', 'figureSkating');
INSERT INTO `nsu20`.`competition` (`name`, `beginning_date`, `finish_date`, `sport`) VALUES ('Cup of Russia','2020-04-06', '2020-05-09', 'athletics');

INSERT INTO `nsu20`.`participation` (`sportsman_id`, `competition_id`) VALUES ('1', '1');
INSERT INTO `nsu20`.`participation` (`sportsman_id`, `competition_id`) VALUES ('4', '1');
INSERT INTO `nsu20`.`participation` (`sportsman_id`, `competition_id`) VALUES ('6', '1');
INSERT INTO `nsu20`.`participation` (`sportsman_id`, `competition_id`) VALUES ('7', '1');
INSERT INTO `nsu20`.`participation` (`sportsman_id`, `competition_id`) VALUES ('8', '1');
INSERT INTO `nsu20`.`participation` (`sportsman_id`, `competition_id`) VALUES ('16', '2');
INSERT INTO `nsu20`.`participation` (`sportsman_id`, `competition_id`) VALUES ('27', '2');
INSERT INTO `nsu20`.`participation` (`sportsman_id`, `competition_id`) VALUES ('32', '2');
INSERT INTO `nsu20`.`participation` (`sportsman_id`, `competition_id`) VALUES ('37', '2');
INSERT INTO `nsu20`.`participation` (`sportsman_id`, `competition_id`) VALUES ('47', '2');


INSERT INTO `nsu20`.`participation` (`sportsman_id`, `competition_id`) VALUES ('1', '3');
INSERT INTO `nsu20`.`participation` (`sportsman_id`, `competition_id`) VALUES ('2', '4');
INSERT INTO `nsu20`.`participation` (`sportsman_id`, `competition_id`) VALUES ('3', '3');
INSERT INTO `nsu20`.`participation` (`sportsman_id`, `competition_id`) VALUES ('4', '4');
INSERT INTO `nsu20`.`participation` (`sportsman_id`, `competition_id`) VALUES ('5', '3');
INSERT INTO `nsu20`.`participation` (`sportsman_id`, `competition_id`) VALUES ('8', '4');
INSERT INTO `nsu20`.`participation` (`sportsman_id`, `competition_id`) VALUES ('36', '4');
INSERT INTO `nsu20`.`participation` (`sportsman_id`, `competition_id`) VALUES ('43', '3');
INSERT INTO `nsu20`.`participation` (`sportsman_id`, `competition_id`) VALUES ('44', '4');
INSERT INTO `nsu20`.`participation` (`sportsman_id`, `competition_id`) VALUES ('48', '3');

INSERT INTO `nsu20`.`participation` (`sportsman_id`, `competition_id`) VALUES ('2', '5');
INSERT INTO `nsu20`.`participation` (`sportsman_id`, `competition_id`) VALUES ('3', '5');
INSERT INTO `nsu20`.`participation` (`sportsman_id`, `competition_id`) VALUES ('4', '5');
INSERT INTO `nsu20`.`participation` (`sportsman_id`, `competition_id`) VALUES ('24', '5');
INSERT INTO `nsu20`.`participation` (`sportsman_id`, `competition_id`) VALUES ('40', '5');

INSERT INTO `nsu20`.`participation` (`sportsman_id`, `competition_id`) VALUES ('1', '6');
INSERT INTO `nsu20`.`participation` (`sportsman_id`, `competition_id`) VALUES ('4', '6');
INSERT INTO `nsu20`.`participation` (`sportsman_id`, `competition_id`) VALUES ('12', '6');
INSERT INTO `nsu20`.`participation` (`sportsman_id`, `competition_id`) VALUES ('13', '6');
INSERT INTO `nsu20`.`participation` (`sportsman_id`, `competition_id`) VALUES ('25', '6');
INSERT INTO `nsu20`.`participation` (`sportsman_id`, `competition_id`) VALUES ('26', '6');
INSERT INTO `nsu20`.`participation` (`sportsman_id`, `competition_id`) VALUES ('20', '6');
INSERT INTO `nsu20`.`participation` (`sportsman_id`, `competition_id`) VALUES ('30', '6');

INSERT INTO `nsu20`.`participation` (`sportsman_id`, `competition_id`) VALUES ('9', '7');
INSERT INTO `nsu20`.`participation` (`sportsman_id`, `competition_id`) VALUES ('17', '7');
INSERT INTO `nsu20`.`participation` (`sportsman_id`, `competition_id`) VALUES ('18', '7');
INSERT INTO `nsu20`.`participation` (`sportsman_id`, `competition_id`) VALUES ('29', '7');
INSERT INTO `nsu20`.`participation` (`sportsman_id`, `competition_id`) VALUES ('33', '7');
INSERT INTO `nsu20`.`participation` (`sportsman_id`, `competition_id`) VALUES ('41', '7');
INSERT INTO `nsu20`.`participation` (`sportsman_id`, `competition_id`) VALUES ('46', '7');

INSERT INTO `nsu20`.`participation` (`sportsman_id`, `competition_id`) VALUES ('3', '8');
INSERT INTO `nsu20`.`participation` (`sportsman_id`, `competition_id`) VALUES ('5', '8');
INSERT INTO `nsu20`.`participation` (`sportsman_id`, `competition_id`) VALUES ('6', '8');
INSERT INTO `nsu20`.`participation` (`sportsman_id`, `competition_id`) VALUES ('9', '8');
INSERT INTO `nsu20`.`participation` (`sportsman_id`, `competition_id`) VALUES ('10', '8');
INSERT INTO `nsu20`.`participation` (`sportsman_id`, `competition_id`) VALUES ('14', '8');
INSERT INTO `nsu20`.`participation` (`sportsman_id`, `competition_id`) VALUES ('15', '8');
INSERT INTO `nsu20`.`participation` (`sportsman_id`, `competition_id`) VALUES ('28', '8');
INSERT INTO `nsu20`.`participation` (`sportsman_id`, `competition_id`) VALUES ('31', '8');
INSERT INTO `nsu20`.`participation` (`sportsman_id`, `competition_id`) VALUES ('34', '8');
INSERT INTO `nsu20`.`participation` (`sportsman_id`, `competition_id`) VALUES ('42', '8');
INSERT INTO `nsu20`.`participation` (`sportsman_id`, `competition_id`) VALUES ('45', '8');
INSERT INTO `nsu20`.`participation` (`sportsman_id`, `competition_id`) VALUES ('49', '8');
INSERT INTO `nsu20`.`participation` (`sportsman_id`, `competition_id`) VALUES ('50', '8');
INSERT INTO `nsu20`.`participation` (`sportsman_id`, `competition_id`) VALUES ('51', '8');

INSERT INTO `nsu20`.`organizer` (`name`) VALUES ('Mazhugov Dmitry Maksimovich');
INSERT INTO `nsu20`.`organizer` (`name`) VALUES ('Dolgov Valeriy Stepanovich');
INSERT INTO `nsu20`.`organizer` (`name`) VALUES ('Bashkatov Andrey Andreevich');
INSERT INTO `nsu20`.`organizer` (`name`) VALUES ('Laburtsov Alexandr Vasilievich');
INSERT INTO `nsu20`.`organizer` (`name`) VALUES ('Zlagaduhin Vlad Petrovich');
INSERT INTO `nsu20`.`organizer` (`name`) VALUES ('Kudinov Anton Yaroslavovich');

INSERT INTO `nsu20`.`arrangement` (`competition_id`, `organizer_id`) VALUES ('1', '1');
INSERT INTO `nsu20`.`arrangement` (`competition_id`, `organizer_id`) VALUES ('1', '3');
INSERT INTO `nsu20`.`arrangement` (`competition_id`, `organizer_id`) VALUES ('2', '2');
INSERT INTO `nsu20`.`arrangement` (`competition_id`, `organizer_id`) VALUES ('2', '3');
INSERT INTO `nsu20`.`arrangement` (`competition_id`, `organizer_id`) VALUES ('3', '3');
INSERT INTO `nsu20`.`arrangement` (`competition_id`, `organizer_id`) VALUES ('3', '2');
INSERT INTO `nsu20`.`arrangement` (`competition_id`, `organizer_id`) VALUES ('4', '4');
INSERT INTO `nsu20`.`arrangement` (`competition_id`, `organizer_id`) VALUES ('4', '6');
INSERT INTO `nsu20`.`arrangement` (`competition_id`, `organizer_id`) VALUES ('5', '5');
INSERT INTO `nsu20`.`arrangement` (`competition_id`, `organizer_id`) VALUES ('5', '1');
INSERT INTO `nsu20`.`arrangement` (`competition_id`, `organizer_id`) VALUES ('6', '6');
INSERT INTO `nsu20`.`arrangement` (`competition_id`, `organizer_id`) VALUES ('6', '5');
INSERT INTO `nsu20`.`arrangement` (`competition_id`, `organizer_id`) VALUES ('7', '1');
INSERT INTO `nsu20`.`arrangement` (`competition_id`, `organizer_id`) VALUES ('8', '4');

INSERT INTO `nsu20`.`sport_facilities` (`id`) VALUES ('1');
INSERT INTO `nsu20`.`sport_facilities` (`id`) VALUES ('2');
INSERT INTO `nsu20`.`sport_facilities` (`id`) VALUES ('3');
INSERT INTO `nsu20`.`sport_facilities` (`id`) VALUES ('4');
INSERT INTO `nsu20`.`sport_facilities` (`id`) VALUES ('5');
INSERT INTO `nsu20`.`sport_facilities` (`id`) VALUES ('6');
INSERT INTO `nsu20`.`sport_facilities` (`id`) VALUES ('7');
INSERT INTO `nsu20`.`sport_facilities` (`id`) VALUES ('8');
INSERT INTO `nsu20`.`sport_facilities` (`id`) VALUES ('9');
INSERT INTO `nsu20`.`sport_facilities` (`id`) VALUES ('10');
INSERT INTO `nsu20`.`sport_facilities` (`id`) VALUES ('11');
INSERT INTO `nsu20`.`sport_facilities` (`id`) VALUES ('12');
INSERT INTO `nsu20`.`sport_facilities` (`id`) VALUES ('13');
INSERT INTO `nsu20`.`sport_facilities` (`id`) VALUES ('14');
INSERT INTO `nsu20`.`sport_facilities` (`id`) VALUES ('15');
INSERT INTO `nsu20`.`sport_facilities` (`id`) VALUES ('16');
INSERT INTO `nsu20`.`sport_facilities` (`id`) VALUES ('17');
INSERT INTO `nsu20`.`sport_facilities` (`id`) VALUES ('18');
INSERT INTO `nsu20`.`sport_facilities` (`id`) VALUES ('19');
INSERT INTO `nsu20`.`sport_facilities` (`id`) VALUES ('20');
INSERT INTO `nsu20`.`sport_facilities` (`id`) VALUES ('21');
INSERT INTO `nsu20`.`sport_facilities` (`id`) VALUES ('22');
INSERT INTO `nsu20`.`sport_facilities` (`id`) VALUES ('23');
INSERT INTO `nsu20`.`sport_facilities` (`id`) VALUES ('24');
INSERT INTO `nsu20`.`sport_facilities` (`id`) VALUES ('25');
INSERT INTO `nsu20`.`sport_facilities` (`id`) VALUES ('26');

INSERT INTO `nsu20`.`court` (`id`, `coverage_type`) VALUES ('1', 'clay');
INSERT INTO `nsu20`.`court` (`id`, `coverage_type`) VALUES ('2', 'grass');
INSERT INTO `nsu20`.`court` (`id`, `coverage_type`) VALUES ('3', 'clay');
INSERT INTO `nsu20`.`court` (`id`, `coverage_type`) VALUES ('4', 'clay');
INSERT INTO `nsu20`.`court` (`id`, `coverage_type`) VALUES ('5', 'grass');
INSERT INTO `nsu20`.`court` (`id`, `coverage_type`) VALUES ('6', 'clay');
INSERT INTO `nsu20`.`court` (`id`, `coverage_type`) VALUES ('7', 'grass');

INSERT INTO `nsu20`.`stadium` (`id`, `capacity`) VALUES ('8', '50000');
INSERT INTO `nsu20`.`stadium` (`id`, `capacity`) VALUES ('9', '45000');
INSERT INTO `nsu20`.`stadium` (`id`, `capacity`) VALUES ('10', '34000');
INSERT INTO `nsu20`.`stadium` (`id`, `capacity`) VALUES ('11', '12000');
INSERT INTO `nsu20`.`stadium` (`id`, `capacity`) VALUES ('12', '54000');
INSERT INTO `nsu20`.`stadium` (`id`, `capacity`) VALUES ('13', '17000');
INSERT INTO `nsu20`.`stadium` (`id`, `capacity`) VALUES ('14', '19000');
INSERT INTO `nsu20`.`stadium` (`id`, `capacity`) VALUES ('15', '27000');

INSERT INTO `nsu20`.`ice_arena` (`id`, `square`) VALUES ('16', '347.2');
INSERT INTO `nsu20`.`ice_arena` (`id`, `square`) VALUES ('17', '333.3');
INSERT INTO `nsu20`.`ice_arena` (`id`, `square`) VALUES ('18', '345.6');
INSERT INTO `nsu20`.`ice_arena` (`id`, `square`) VALUES ('19', '328.5');
INSERT INTO `nsu20`.`ice_arena` (`id`, `square`) VALUES ('20', '356.7');

INSERT INTO `nsu20`.`volleyball_arena` (`id`, `net_height`, `net_width`) VALUES ('21', '1', '6.93');
INSERT INTO `nsu20`.`volleyball_arena` (`id`, `net_height`, `net_width`) VALUES ('22', '1.2', '7.06');
INSERT INTO `nsu20`.`volleyball_arena` (`id`, `net_height`, `net_width`) VALUES ('23', '1.12', '6.89');
INSERT INTO `nsu20`.`volleyball_arena` (`id`, `net_height`, `net_width`) VALUES ('24', '1.33', '6.86');
INSERT INTO `nsu20`.`volleyball_arena` (`id`, `net_height`, `net_width`) VALUES ('25', '1.17', '6.8');
INSERT INTO `nsu20`.`volleyball_arena` (`id`, `net_height`, `net_width`) VALUES ('26', '1.13', '6.85');

INSERT INTO `nsu20`.`location` (`competition_id`, `sport_facilities_id`) VALUES ('1', '8');
INSERT INTO `nsu20`.`location` (`competition_id`, `sport_facilities_id`) VALUES ('1', '9');
INSERT INTO `nsu20`.`location` (`competition_id`, `sport_facilities_id`) VALUES ('1', '10');
INSERT INTO `nsu20`.`location` (`competition_id`, `sport_facilities_id`) VALUES ('1', '11');
INSERT INTO `nsu20`.`location` (`competition_id`, `sport_facilities_id`) VALUES ('2', '12');
INSERT INTO `nsu20`.`location` (`competition_id`, `sport_facilities_id`) VALUES ('2', '13');
INSERT INTO `nsu20`.`location` (`competition_id`, `sport_facilities_id`) VALUES ('2', '14');
INSERT INTO `nsu20`.`location` (`competition_id`, `sport_facilities_id`) VALUES ('2', '15');

INSERT INTO `nsu20`.`location` (`competition_id`, `sport_facilities_id`) VALUES ('3', '1');
INSERT INTO `nsu20`.`location` (`competition_id`, `sport_facilities_id`) VALUES ('3', '2');
INSERT INTO `nsu20`.`location` (`competition_id`, `sport_facilities_id`) VALUES ('3', '3');
INSERT INTO `nsu20`.`location` (`competition_id`, `sport_facilities_id`) VALUES ('4', '4');
INSERT INTO `nsu20`.`location` (`competition_id`, `sport_facilities_id`) VALUES ('4', '5');
INSERT INTO `nsu20`.`location` (`competition_id`, `sport_facilities_id`) VALUES ('4', '6');
INSERT INTO `nsu20`.`location` (`competition_id`, `sport_facilities_id`) VALUES ('4', '7');

INSERT INTO `nsu20`.`location` (`competition_id`, `sport_facilities_id`) VALUES ('5', '16');
INSERT INTO `nsu20`.`location` (`competition_id`, `sport_facilities_id`) VALUES ('7', '16');
INSERT INTO `nsu20`.`location` (`competition_id`, `sport_facilities_id`) VALUES ('5', '17');
INSERT INTO `nsu20`.`location` (`competition_id`, `sport_facilities_id`) VALUES ('7', '17');
INSERT INTO `nsu20`.`location` (`competition_id`, `sport_facilities_id`) VALUES ('5', '18');
INSERT INTO `nsu20`.`location` (`competition_id`, `sport_facilities_id`) VALUES ('7', '18');
INSERT INTO `nsu20`.`location` (`competition_id`, `sport_facilities_id`) VALUES ('7', '19');
INSERT INTO `nsu20`.`location` (`competition_id`, `sport_facilities_id`) VALUES ('7', '20');

INSERT INTO `nsu20`.`location` (`competition_id`, `sport_facilities_id`) VALUES ('6', '21');
INSERT INTO `nsu20`.`location` (`competition_id`, `sport_facilities_id`) VALUES ('6', '22');
INSERT INTO `nsu20`.`location` (`competition_id`, `sport_facilities_id`) VALUES ('6', '23');
INSERT INTO `nsu20`.`location` (`competition_id`, `sport_facilities_id`) VALUES ('6', '24');

INSERT INTO `nsu20`.`location` (`competition_id`, `sport_facilities_id`) VALUES ('8', '8');
INSERT INTO `nsu20`.`location` (`competition_id`, `sport_facilities_id`) VALUES ('8', '9');
INSERT INTO `nsu20`.`location` (`competition_id`, `sport_facilities_id`) VALUES ('8', '10');
INSERT INTO `nsu20`.`location` (`competition_id`, `sport_facilities_id`) VALUES ('8', '11');
INSERT INTO `nsu20`.`location` (`competition_id`, `sport_facilities_id`) VALUES ('8', '12');
INSERT INTO `nsu20`.`location` (`competition_id`, `sport_facilities_id`) VALUES ('8', '13');
INSERT INTO `nsu20`.`location` (`competition_id`, `sport_facilities_id`) VALUES ('8', '14');
INSERT INTO `nsu20`.`location` (`competition_id`, `sport_facilities_id`) VALUES ('8', '15');



INSERT INTO `nsu20`.`prizewinner` (`sportsman_id`, `competition_id`) VALUES ('1', '1');
INSERT INTO `nsu20`.`prizewinner` (`sportsman_id`, `competition_id`) VALUES ('4', '1');
INSERT INTO `nsu20`.`prizewinner` (`sportsman_id`, `competition_id`) VALUES ('6', '1');

INSERT INTO `nsu20`.`prizewinner` (`sportsman_id`, `competition_id`) VALUES ('16', '2');
INSERT INTO `nsu20`.`prizewinner` (`sportsman_id`, `competition_id`) VALUES ('27', '2');

INSERT INTO `nsu20`.`prizewinner` (`sportsman_id`, `competition_id`) VALUES ('1', '3');
INSERT INTO `nsu20`.`prizewinner` (`sportsman_id`, `competition_id`) VALUES ('2', '4');
INSERT INTO `nsu20`.`prizewinner` (`sportsman_id`, `competition_id`) VALUES ('3', '3');
INSERT INTO `nsu20`.`prizewinner` (`sportsman_id`, `competition_id`) VALUES ('4', '4');

INSERT INTO `nsu20`.`prizewinner` (`sportsman_id`, `competition_id`) VALUES ('2', '5');
INSERT INTO `nsu20`.`prizewinner` (`sportsman_id`, `competition_id`) VALUES ('3', '5');
INSERT INTO `nsu20`.`prizewinner` (`sportsman_id`, `competition_id`) VALUES ('4', '5');

INSERT INTO `nsu20`.`prizewinner` (`sportsman_id`, `competition_id`) VALUES ('1', '6');
INSERT INTO `nsu20`.`prizewinner` (`sportsman_id`, `competition_id`) VALUES ('4', '6');
INSERT INTO `nsu20`.`prizewinner` (`sportsman_id`, `competition_id`) VALUES ('12', '6');
INSERT INTO `nsu20`.`prizewinner` (`sportsman_id`, `competition_id`) VALUES ('13', '6');

INSERT INTO `nsu20`.`prizewinner` (`sportsman_id`, `competition_id`) VALUES ('3', '8');
INSERT INTO `nsu20`.`prizewinner` (`sportsman_id`, `competition_id`) VALUES ('5', '8');
INSERT INTO `nsu20`.`prizewinner` (`sportsman_id`, `competition_id`) VALUES ('6', '8');
INSERT INTO `nsu20`.`prizewinner` (`sportsman_id`, `competition_id`) VALUES ('9', '8');
INSERT INTO `nsu20`.`prizewinner` (`sportsman_id`, `competition_id`) VALUES ('10', '8');
INSERT INTO `nsu20`.`prizewinner` (`sportsman_id`, `competition_id`) VALUES ('14', '8');